[
  {
    "id": "xn00p4fa",
    "title": "しりとり",
    "content": "りんごから",
    "handleName": "名無しさん",
    "userId": "gna8xa48",
    "createdAt": "2025-04-28T08:10:02.512Z",
    "replies": [
      {
        "replyContent": "らくだ",
        "replyHandleName": "名無しさん",
        "replyUserId": "5t0n9jip",
        "replyCreatedAt": "2025-04-28T08:10:16.371Z"
      },
      {
        "replyContent": "ダイソー",
        "replyHandleName": "名無しさん",
        "replyUserId": "5t0n9jip",
        "replyCreatedAt": "2025-04-28T08:10:24.262Z"
      }
    ],
    "replyUserIds": {
      "": "5t0n9jip"
    }
  },
  {
    "id": "zxov1nt0",
    "title": "あ",
    "content": "さささ",
    "handleName": "名無しさん",
    "userId": "tl6ra3wb",
    "createdAt": "2025-04-28T11:47:46.127Z",
    "replies": [
      {
        "replyContent": "ああああ",
        "replyHandleName": "名無しさん",
        "replyUserId": "nlbylmwi",
        "replyCreatedAt": "2025-04-28T11:47:55.319Z"
      }
    ],
    "replyUserIds": {
      "": "nlbylmwi"
    }
  },
  {
    "id": "gk0exgwc",
    "title": "テスト用",
    "content": "テスト用スレッド",
    "handleName": "かえる",
    "userId": "b5w8ohnx",
    "createdAt": "2025-04-28T12:37:39.045Z"
  },
  {
    "id": "2ftgbcdc",
    "title": "テスト用２",
    "content": "テスト用スレッド",
    "handleName": "かえる",
    "userId": "uqpx3klx",
    "createdAt": "2025-04-28T12:38:19.056Z"
  },
  {
    "id": "ndxj3p0g",
    "title": "テスト用３",
    "content": "テスト用スレッド",
    "handleName": "名無しさん",
    "userId": "kunaill5",
    "createdAt": "2025-04-28T12:38:25.828Z"
  },
  {
    "id": "uufm5jyf",
    "title": "テスト用４",
    "content": "テスト用スレッド",
    "handleName": "名無しさん",
    "userId": "hvl1ltjd",
    "createdAt": "2025-04-28T12:38:37.342Z",
    "replies": [
      {
        "replyContent": "ok",
        "replyHandleName": "名無しさん",
        "replyUserId": "iysgpi8t",
        "replyCreatedAt": "2025-04-28T12:39:10.451Z"
      },
      {
        "replyContent": "unknown",
        "replyHandleName": "名無しさん",
        "replyUserId": "iysgpi8t",
        "replyCreatedAt": "2025-04-28T12:39:21.427Z"
      },
      {
        "replyContent": "げんき",
        "replyHandleName": "名無しさん",
        "replyUserId": "iysgpi8t",
        "replyCreatedAt": "2025-04-28T12:39:30.086Z"
      },
      {
        "replyContent": "あ\n",
        "replyHandleName": "名無しさん",
        "replyUserId": "iysgpi8t",
        "replyCreatedAt": "2025-04-28T12:42:02.406Z"
      },
      {
        "replyContent": "１",
        "replyHandleName": "名無しさん",
        "replyUserId": "iysgpi8t",
        "replyCreatedAt": "2025-04-28T12:43:08.108Z"
      },
      {
        "replyContent": "２",
        "replyHandleName": "名無しさん",
        "replyUserId": "iysgpi8t",
        "replyCreatedAt": "2025-04-28T12:43:13.131Z"
      },
      {
        "replyContent": "３",
        "replyHandleName": "名無しさん",
        "replyUserId": "iysgpi8t",
        "replyCreatedAt": "2025-04-28T12:43:17.544Z"
      },
      {
        "replyContent": "４",
        "replyHandleName": "名無しさん",
        "replyUserId": "iysgpi8t",
        "replyCreatedAt": "2025-04-28T12:43:22.137Z"
      },
      {
        "replyContent": "５",
        "replyHandleName": "名無しさん",
        "replyUserId": "iysgpi8t",
        "replyCreatedAt": "2025-04-28T12:43:27.440Z"
      },
      {
        "replyContent": "６",
        "replyHandleName": "名無しさん",
        "replyUserId": "iysgpi8t",
        "replyCreatedAt": "2025-04-28T12:43:31.625Z"
      },
      {
        "replyContent": "７",
        "replyHandleName": "名無しさん",
        "replyUserId": "iysgpi8t",
        "replyCreatedAt": "2025-04-28T12:43:35.535Z"
      },
      {
        "replyContent": "８",
        "replyHandleName": "名無しさん",
        "replyUserId": "iysgpi8t",
        "replyCreatedAt": "2025-04-28T12:43:39.662Z"
      },
      {
        "replyContent": "９",
        "replyHandleName": "名無しさん",
        "replyUserId": "iysgpi8t",
        "replyCreatedAt": "2025-04-28T12:43:43.843Z"
      },
      {
        "replyContent": "１０",
        "replyHandleName": "名無しさん",
        "replyUserId": "iysgpi8t",
        "replyCreatedAt": "2025-04-28T12:43:55.634Z"
      },
      {
        "replyContent": "１１",
        "replyHandleName": "名無しさん",
        "replyUserId": "iysgpi8t",
        "replyCreatedAt": "2025-04-28T12:43:59.623Z"
      },
      {
        "replyContent": "１２",
        "replyHandleName": "名無しさん",
        "replyUserId": "iysgpi8t",
        "replyCreatedAt": "2025-04-28T12:44:04.119Z"
      },
      {
        "replyContent": "１３",
        "replyHandleName": "名無しさん",
        "replyUserId": "iysgpi8t",
        "replyCreatedAt": "2025-04-28T12:44:08.286Z"
      },
      {
        "replyContent": "１４",
        "replyHandleName": "名無しさん",
        "replyUserId": "iysgpi8t",
        "replyCreatedAt": "2025-04-28T12:44:12.441Z"
      },
      {
        "replyContent": "１５",
        "replyHandleName": "名無しさん",
        "replyUserId": "iysgpi8t",
        "replyCreatedAt": "2025-04-28T12:44:17.154Z"
      },
      {
        "replyContent": "１６",
        "replyHandleName": "名無しさん",
        "replyUserId": "iysgpi8t",
        "replyCreatedAt": "2025-04-28T12:44:21.508Z"
      },
      {
        "replyContent": "１７",
        "replyHandleName": "名無しさん",
        "replyUserId": "iysgpi8t",
        "replyCreatedAt": "2025-04-28T12:44:26.473Z"
      },
      {
        "replyContent": "１８",
        "replyHandleName": "名無しさん",
        "replyUserId": "iysgpi8t",
        "replyCreatedAt": "2025-04-28T12:44:32.603Z"
      },
      {
        "replyContent": "１９",
        "replyHandleName": "名無しさん",
        "replyUserId": "iysgpi8t",
        "replyCreatedAt": "2025-04-28T12:44:38.037Z"
      },
      {
        "replyContent": "２０",
        "replyHandleName": "名無しさん",
        "replyUserId": "iysgpi8t",
        "replyCreatedAt": "2025-04-28T12:44:42.608Z"
      }
    ],
    "replyUserIds": {
      "": "iysgpi8t"
    }
  },
  {
    "id": "zn9otdw1",
    "title": "answer",
    "content": "テスト用スレッド",
    "handleName": "名無しさん",
    "userId": "0vwdr6nk",
    "createdAt": "2025-04-28T12:38:45.955Z"
  },
  {
    "id": "jaauj1c3",
    "title": "test",
    "content": "テスト用スレッド",
    "handleName": "名無しさん",
    "userId": "aiwt7d4w",
    "createdAt": "2025-04-28T12:38:53.703Z"
  }
]